"Rep","Cov_sp_near","Cov_sp_med","Cov_sp_far","Cov_sp_all","Width_sp_near","Width_sp_med","Width_sp_far","Width_sp_all","Cov_unw_near","Cov_unw_med","Cov_unw_far","Cov_unw_all","Width_unw_all","Cov_kr_near","Cov_kr_med","Cov_kr_far","Cov_kr_all","Width_kr_all"
1,0.907742998352554,0.887404580152672,0.873949579831933,0.896,0.152972392258348,0.152893708236818,0.152888993665091,0.152931468370445,0.906095551894563,0.88263358778626,0.882352941176471,0.894,0.133352734562294,0.983525535420099,0.985687022900763,0.974789915966387,0.9836,0.134993587629888
2,0.903624382207578,0.896946564885496,0.886554621848739,0.8992,0.159469540838791,0.15980351952918,0.159693760431904,0.159630890411067,0.940691927512356,0.919847328244275,0.915966386554622,0.9296,0.165408012196296,0.982701812191104,0.987595419847328,0.978991596638655,0.9844,0.142471596690331
3,0.942339373970346,0.927480916030534,0.915966386554622,0.9336,0.171056488059227,0.171041081888713,0.171473497978874,0.171089729136898,0.945634266886326,0.946564885496183,0.932773109243697,0.9448,0.165038045140401,0.983525535420099,0.987595419847328,0.991596638655462,0.986,0.144835216173881
4,0.93163097199341,0.920801526717557,0.890756302521008,0.9232,0.162943631099404,0.162998681162635,0.162709624744354,0.162944430680909,0.960461285008237,0.947519083969466,0.953781512605042,0.9544,0.173608869376255,0.968698517298188,0.967557251908397,0.974789915966387,0.9688,0.128347690442422
5,0.946457990115321,0.923664122137405,0.928571428571429,0.9352,0.177673543970854,0.177728723945279,0.177752272324118,0.177704170355364,0.937397034596376,0.903625954198473,0.865546218487395,0.9164,0.136804817602751,0.977759472817133,0.965648854961832,0.96218487394958,0.9712,0.13922914685585
6,0.919275123558484,0.919847328244275,0.911764705882353,0.9188,0.153325853461755,0.153450536929628,0.153445760257018,0.153389535898397,0.948929159802306,0.949427480916031,0.953781512605042,0.9496,0.164329934869241,0.982701812191104,0.981870229007634,0.978991596638655,0.982,0.133534176983312
7,0.948105436573311,0.924618320610687,0.928571428571429,0.9364,0.153786978287953,0.153702092562749,0.153639623760959,0.153737366040978,0.937397034596376,0.929389312977099,0.899159663865546,0.9304,0.139999329458098,0.953047775947282,0.956106870229008,0.945378151260504,0.9536,0.115557175622627
8,0.915980230642504,0.924618320610687,0.869747899159664,0.9152,0.150648135327261,0.150528604518089,0.15041782968486,0.150576102914899,0.922570016474465,0.924618320610687,0.928571428571429,0.924,0.145194389515407,0.980230642504119,0.986641221374046,0.987394957983193,0.9836,0.134034581528728
9,0.911037891268534,0.886450381679389,0.928571428571429,0.9024,0.152844357319171,0.152889485819655,0.153070598593064,0.152884813355848,0.924217462932455,0.903625954198473,0.903361344537815,0.9136,0.148670576613315,0.977759472817133,0.974236641221374,0.974789915966387,0.976,0.139125921198694
10,0.935749588138385,0.930343511450382,0.932773109243697,0.9332,0.158042741076191,0.157917784561915,0.157782385977078,0.157965573499971,0.93163097199341,0.940839694656489,0.890756302521008,0.9316,0.145552460699481,0.982701812191104,0.982824427480916,0.978991596638655,0.9824,0.137850238650474
11,0.937397034596376,0.935114503816794,0.936974789915966,0.9364,0.152079306833011,0.152437018039179,0.152972467066785,0.152314288224892,0.943986820428336,0.931297709923664,0.92436974789916,0.9368,0.148544659210792,0.971169686985173,0.971374045801527,0.96218487394958,0.9704,0.140636095450472
12,0.916803953871499,0.916984732824427,0.890756302521008,0.9144,0.152930242005801,0.152950441861057,0.152681499499774,0.15291502949855,0.950576606260296,0.947519083969466,0.949579831932773,0.9492,0.161527390170599,0.99835255354201,0.999045801526718,0.995798319327731,0.9984,0.180236621489454
13,0.964579901153213,0.968511450381679,0.949579831932773,0.9648,0.176261093220543,0.176223894270236,0.17598547291691,0.176219260367668,0.93163097199341,0.916030534351145,0.915966386554622,0.9236,0.141766514977702,0.990939044481054,0.985687022900763,0.983193277310924,0.988,0.143656626859014
14,0.936573311367381,0.920801526717557,0.920168067226891,0.9284,0.176212761774528,0.176183810432471,0.176046603285829,0.176184807083813,0.944810543657331,0.936068702290076,0.907563025210084,0.9376,0.164360112813082,0.981054365733114,0.979961832061069,0.978991596638655,0.9804,0.13780822247578
15,0.908566721581549,0.889312977099237,0.794117647058823,0.8896,0.15173294614045,0.151666504912662,0.152315488559129,0.151760552016019,0.930807248764415,0.909351145038168,0.84453781512605,0.9136,0.182751519790259,0.977759472817133,0.975190839694656,0.970588235294118,0.976,0.158520280631831
16,0.883031301482702,0.898854961832061,0.882352941176471,0.8896,0.140972027878948,0.141009458511395,0.141096873076713,0.140999604062897,0.962108731466227,0.96469465648855,0.92436974789916,0.9596,0.177945219546274,0.990939044481054,0.987595419847328,0.991596638655462,0.9896,0.136684262054866
17,0.965403624382208,0.95706106870229,0.945378151260504,0.96,0.18011348992048,0.180256974833022,0.180244019459132,0.180186065207897,0.972817133443163,0.954198473282443,0.945378151260504,0.9624,0.180916466428526,0.99835255354201,0.998091603053435,0.995798319327731,0.998,0.169111393581691
18,0.92174629324547,0.918893129770992,0.936974789915966,0.922,0.143982614741116,0.144132512503036,0.143976212083589,0.144044842349917,0.971993410214168,0.962786259541985,0.966386554621849,0.9676,0.160813532913506,0.969522240527183,0.979007633587786,0.970588235294118,0.9736,0.120259182766375
19,0.917627677100494,0.933206106870229,0.949579831932773,0.9272,0.156005781154326,0.155988636026619,0.15585304922116,0.155984053836754,0.950576606260296,0.948473282442748,0.949579831932773,0.9496,0.147767001434251,0.980230642504119,0.981870229007634,0.974789915966387,0.9804,0.141021256909125
20,0.912685337726524,0.920801526717557,0.932773109243697,0.918,0.171198766789758,0.171607597986819,0.171436208648701,0.171392753292537,0.883855024711697,0.864503816793893,0.890756302521008,0.8764,0.138797072155328,0.997528830313015,0.998091603053435,1,0.998,0.165506117087266
21,0.920922570016474,0.91793893129771,0.903361344537815,0.918,0.134220173623468,0.134505320750352,0.134461518945791,0.134362683373743,0.948929159802306,0.935114503816794,0.932773109243697,0.9416,0.144659931014538,0.944810543657331,0.945610687022901,0.953781512605042,0.946,0.106117629551695
22,0.906095551894563,0.907442748091603,0.903361344537815,0.9064,0.143584360179398,0.143615242302187,0.143443202761179,0.143583867779056,0.974464579901153,0.96469465648855,0.936974789915966,0.9668,0.164863964810586,0.982701812191104,0.990458015267176,0.991596638655462,0.9868,0.144441076606522
23,0.941515650741351,0.961832061068702,0.978991596638655,0.9536,0.196093015934306,0.196259053811009,0.196066255429018,0.196160071412116,0.962108731466227,0.95706106870229,0.970588235294118,0.9608,0.211393789041007,0.984349258649094,0.983778625954199,0.991596638655462,0.9848,0.142350550845227
24,0.948929159802306,0.928435114503817,0.894957983193277,0.9352,0.182957730863668,0.18307553625937,0.183161083233764,0.18302647403118,0.952224052718287,0.948473282442748,0.936974789915966,0.9492,0.152694266151445,0.974464579901153,0.978053435114504,0.970588235294118,0.9756,0.135060348592116
25,0.953871499176277,0.936068702290076,0.92436974789916,0.9436,0.165729712559769,0.165913539127868,0.166141658197388,0.165845989881817,0.935749588138385,0.929389312977099,0.945378151260504,0.934,0.135374754679616,0.982701812191104,0.984732824427481,0.983193277310924,0.9836,0.135189964117032
26,0.934102141680395,0.925572519083969,0.903361344537815,0.9276,0.141858718539544,0.142116782971105,0.14219851992605,0.14199924824125,0.949752883031301,0.947519083969466,0.928571428571429,0.9468,0.144899627259129,0.970345963756178,0.974236641221374,0.970588235294118,0.972,0.121255091801155
27,0.922570016474465,0.897900763358779,0.857142857142857,0.906,0.131429884714677,0.131723529221915,0.132108660973326,0.131617599991935,0.953047775947282,0.939885496183206,0.932773109243697,0.9456,0.161143496480402,0.957990115321252,0.958015267175573,0.945378151260504,0.9568,0.119489240516964
28,0.940691927512356,0.920801526717557,0.941176470588235,0.9324,0.182641571263544,0.182523009631013,0.181751953121213,0.182507178580037,0.915980230642504,0.91412213740458,0.890756302521008,0.9128,0.144671941705997,0.988467874794069,0.991412213740458,0.987394957983193,0.9896,0.14871149981061
29,0.935749588138385,0.919847328244275,0.941176470588235,0.9296,0.16321951096072,0.163204010205285,0.162992043591466,0.163191358150489,0.906919275123559,0.892175572519084,0.899159663865546,0.9,0.145629244687507,0.973640856672158,0.977099236641221,0.966386554621849,0.9744,0.138573003386595
30,0.939868204283361,0.913167938931298,0.915966386554622,0.9264,0.167775592429236,0.167724631229864,0.167975944593152,0.167773303020464,0.920922570016474,0.895992366412214,0.903361344537815,0.9088,0.157813733529146,0.981878088962109,0.982824427480916,0.978991596638655,0.982,0.135072337995428
31,0.961285008237232,0.958015267175573,0.945378151260504,0.9584,0.170146732260232,0.170455320932559,0.170771972872529,0.170335615537962,0.915980230642504,0.909351145038168,0.92436974789916,0.914,0.145871227271546,0.983525535420099,0.976145038167939,0.96218487394958,0.9784,0.142458064538952
32,0.948105436573311,0.929389312977099,0.936974789915966,0.9392,0.149727718574746,0.149727334225025,0.149876131828439,0.149741686397095,0.949752883031301,0.935114503816794,0.911764705882353,0.94,0.137831511061934,0.962108731466227,0.968511450381679,0.966386554621849,0.9652,0.117440312549065
33,0.930807248764415,0.908396946564885,0.899159663865546,0.9184,0.147534226619333,0.14774413059107,0.14778637337116,0.147646222735059,0.948105436573311,0.937022900763359,0.936974789915966,0.9424,0.150639644066278,0.962932454695222,0.963740458015267,0.970588235294118,0.964,0.117257300315711
34,0.949752883031301,0.944656488549618,0.932773109243697,0.946,0.161142870364768,0.161149016623286,0.161068702074937,0.161138386055146,0.953871499176277,0.939885496183206,0.92436974789916,0.9452,0.151217080277958,0.986820428336079,0.990458015267176,0.987394957983193,0.9884,0.141038439228359
35,0.92504118616145,0.91793893129771,0.936974789915966,0.9232,0.15168243959967,0.151676925861367,0.151624132819069,0.15167457743506,0.890444810543657,0.872137404580153,0.852941176470588,0.8792,0.126648393521799,0.959637561779242,0.967557251908397,0.96218487394958,0.9632,0.113621648227056
36,0.956342668863262,0.934160305343511,0.936974789915966,0.9452,0.18902492492132,0.188922479348502,0.189002902058881,0.18897988316069,0.971993410214168,0.974236641221374,0.974789915966387,0.9732,0.172397549860583,0.956342668863262,0.961832061068702,0.957983193277311,0.9588,0.117951201386885
37,0.948929159802306,0.935114503816794,0.911764705882353,0.9396,0.1937102755133,0.193554740132306,0.193687132742574,0.193642871889814,0.880560131795717,0.862595419847328,0.84453781512605,0.8696,0.130984638793341,0.942339373970346,0.949427480916031,0.953781512605042,0.9464,0.11932237015971
38,0.941515650741351,0.927480916030534,0.928571428571429,0.9344,0.161919387678297,0.162041537151356,0.162443358727011,0.162020474781241,0.913509060955519,0.901717557251908,0.915966386554622,0.9088,0.137521752301465,0.981878088962109,0.986641221374046,0.978991596638655,0.9836,0.136676863865821
39,0.904448105436573,0.875954198473282,0.873949579831933,0.8896,0.15529679459104,0.155482782947285,0.155472266670378,0.155391465851931,0.957166392092257,0.940839694656489,0.928571428571429,0.9476,0.182868372536295,0.918451400329489,0.912213740458015,0.894957983193277,0.9136,0.0955900292233159
40,0.940691927512356,0.924618320610687,0.911764705882353,0.9312,0.147395541362201,0.14764163317221,0.147657901054365,0.14752367969165,0.985172981878089,0.981870229007634,0.96218487394958,0.9816,0.192717005479621,0.971169686985173,0.981870229007634,0.970588235294118,0.9756,0.124622672645554
41,0.969522240527183,0.946564885496183,0.96218487394958,0.9592,0.17302850709323,0.172606201137233,0.173522522381457,0.172898506691915,0.953047775947282,0.937022900763359,0.936974789915966,0.9448,0.162635450274458,0.967874794069193,0.967557251908397,0.96218487394958,0.9672,0.119956588861246
42,0.920922570016474,0.915076335877863,0.899159663865546,0.9164,0.164534236784865,0.164519993155811,0.164438897266328,0.164519189533401,0.938220757825371,0.95324427480916,0.915966386554622,0.9424,0.153424808918669,0.964579901153213,0.971374045801527,0.974789915966387,0.9684,0.120531510015638
43,0.9332784184514,0.907442748091603,0.899159663865546,0.9192,0.15822999583378,0.158350681692922,0.158568564827702,0.158312819114154,0.948929159802306,0.951335877862595,0.941176470588235,0.9492,0.178359374959219,0.983525535420099,0.985687022900763,0.974789915966387,0.9836,0.134993587629888
44,0.962108731466227,0.955152671755725,0.949579831932773,0.958,0.164981352909294,0.164945167340955,0.165302832087635,0.164996788736825,0.912685337726524,0.896946564885496,0.890756302521008,0.904,0.134923835282253,0.967874794069193,0.977099236641221,0.974789915966387,0.9724,0.12875739613909
45,0.949752883031301,0.946564885496183,0.941176470588235,0.9476,0.171510517327741,0.171415198045724,0.170403964023417,0.171365215610148,0.961285008237232,0.968511450381679,0.953781512605042,0.9636,0.167817230234385,0.981054365733114,0.988549618320611,0.987394957983193,0.9848,0.133369808156947
46,0.947281713344316,0.930343511450382,0.945378151260504,0.94,0.167700852995514,0.167887448167636,0.167867660697225,0.167794953784871,0.954695222405272,0.938931297709924,0.932773109243697,0.946,0.158066011446297,0.966227347611203,0.974236641221374,0.978991596638655,0.9708,0.127704091924661
47,0.957166392092257,0.941793893129771,0.920168067226891,0.9472,0.165899242939113,0.165921105592905,0.166081822303077,0.165925789319032,0.947281713344316,0.931297709923664,0.903361344537815,0.9364,0.154664990254762,0.985172981878089,0.99236641221374,0.991596638655462,0.9888,0.141679237244768
48,0.92668863261944,0.889312977099237,0.84453781512605,0.9032,0.139246480094112,0.139343520350309,0.139469124664771,0.139308355132637,0.967874794069193,0.972328244274809,0.957983193277311,0.9688,0.166862915615983,0.973640856672158,0.970419847328244,0.978991596638655,0.9728,0.128245412489906
49,0.969522240527183,0.958969465648855,0.945378151260504,0.9628,0.205477404312637,0.205505597340193,0.205655253419257,0.205506154064739,0.944810543657331,0.938931297709924,0.928571428571429,0.9408,0.146249844187182,0.959637561779242,0.970419847328244,0.953781512605042,0.9636,0.121055646348262
50,0.92833607907743,0.92175572519084,0.894957983193277,0.9224,0.156538124324385,0.156934953556521,0.157487130378367,0.156794820514836,0.949752883031301,0.946564885496183,0.953781512605042,0.9488,0.164465359151438,0.999176276771005,0.999045801526718,1,0.9992,0.213523117028421
51,0.922570016474465,0.932251908396947,0.945378151260504,0.9288,0.178376043393243,0.178496900791067,0.178352506681791,0.17842446611948,0.92174629324547,0.916030534351145,0.911764705882353,0.9184,0.149400152254775,0.981054365733114,0.980916030534351,0.983193277310924,0.9812,0.139411459592247
52,0.973640856672158,0.96469465648855,0.945378151260504,0.9672,0.180220556447332,0.18032305588026,0.180570201854578,0.180296810452385,0.936573311367381,0.936068702290076,0.865546218487395,0.9296,0.143434736468564,0.985996705107084,0.988549618320611,0.978991596638655,0.9864,0.139378261073658
53,0.960461285008237,0.961832061068702,0.932773109243697,0.9584,0.168583669553315,0.168768181195834,0.168936981754069,0.168694652155371,0.912685337726524,0.896946564885496,0.865546218487395,0.9016,0.140523138727327,0.956342668863262,0.958015267175573,0.936974789915966,0.9552,0.114885489676689
54,0.958813838550247,0.946564885496183,0.941176470588235,0.952,0.166715723551586,0.166882195125042,0.166399574016296,0.166755410999419,0.925864909390445,0.91793893129771,0.907563025210084,0.9208,0.146575806266506,0.984349258649094,0.993320610687023,0.987394957983193,0.9884,0.143003728456628
55,0.948105436573311,0.916984732824427,0.899159663865546,0.9304,0.168063056412183,0.168312728590919,0.168999734852052,0.168256890776985,0.945634266886326,0.938931297709924,0.915966386554622,0.94,0.154198012463999,0.954695222405272,0.96087786259542,0.953781512605042,0.9572,0.112971912440247
56,0.940691927512356,0.934160305343511,0.96218487394958,0.94,0.169738054133512,0.169760472904115,0.169771251499773,0.169750612471417,0.941515650741351,0.916984732824427,0.899159663865546,0.9272,0.15739830605606,0.99670510708402,0.995229007633588,0.995798319327731,0.996,0.160209726878988
57,0.950576606260296,0.938931297709924,0.949579831932773,0.9456,0.159319466208641,0.15932890861494,0.159378824228804,0.159329075348881,0.932454695222405,0.927480916030534,0.928571428571429,0.93,0.130308247402397,0.990939044481054,0.994274809160305,0.991596638655462,0.9924,0.142671728962869
58,0.906095551894563,0.900763358778626,0.899159663865546,0.9032,0.128677127781443,0.128472147712955,0.127783154636598,0.128506093893343,0.970345963756178,0.966603053435115,0.941176470588235,0.966,0.170743242598605,0.992586490939044,0.987595419847328,0.987394957983193,0.99,0.140878142127341
59,0.906095551894563,0.907442748091603,0.903361344537815,0.9064,0.136859963495698,0.136835994815071,0.136801954134208,0.136844393333565,0.906095551894563,0.927480916030534,0.886554621848739,0.9132,0.13904504519991,0.971993410214168,0.980916030534351,0.974789915966387,0.976,0.12750054129127
60,0.957166392092257,0.938931297709924,0.949579831932773,0.9488,0.155178110466176,0.154742361506405,0.154693346108818,0.15494929493542,0.949752883031301,0.932251908396947,0.915966386554622,0.9392,0.143955817461045,0.951400329489292,0.950381679389313,0.953781512605042,0.9512,0.10739293705243
61,0.943163097199341,0.925572519083969,0.92436974789916,0.934,0.173372111775927,0.173175278402143,0.172391121027794,0.173196208906415,0.930807248764415,0.912213740458015,0.920168067226891,0.922,0.173532673847737,0.990115321252059,0.994274809160305,0.991596638655462,0.992,0.169800477314019
62,0.941515650741351,0.933206106870229,0.92436974789916,0.9364,0.160927979856419,0.161271250613403,0.161211395743092,0.161098860150158,0.946457990115321,0.937977099236641,0.928571428571429,0.9412,0.144839998164156,0.961285008237232,0.966603053435115,0.966386554621849,0.964,0.116975133160149
63,0.92833607907743,0.907442748091603,0.911764705882353,0.918,0.154002446612295,0.154100506658333,0.154258263823452,0.154067907182096,0.919275123558484,0.888358778625954,0.857142857142857,0.9004,0.140639721774617,0.976935749588138,0.974236641221374,0.970588235294118,0.9752,0.128152346699667
64,0.938220757825371,0.923664122137405,0.92436974789916,0.9308,0.158932793846582,0.158996730220904,0.158859063572222,0.158952576852579,0.9332784184514,0.92175572519084,0.899159663865546,0.9252,0.134954634060323,0.981878088962109,0.985687022900763,0.987394957983193,0.984,0.141554051598683
65,0.945634266886326,0.947519083969466,0.96218487394958,0.948,0.177856250444685,0.177883401041798,0.177904523104415,0.177872227532201,0.949752883031301,0.925572519083969,0.945378151260504,0.9392,0.158538311348376,0.987644151565074,0.99236641221374,0.991596638655462,0.99,0.155103138335124
66,0.911037891268534,0.915076335877863,0.894957983193277,0.9112,0.138799283474936,0.138801078366612,0.138753200807678,0.138795648823603,0.906095551894563,0.88263358778626,0.831932773109244,0.8892,0.121402958615055,0.961285008237232,0.950381679389313,0.953781512605042,0.956,0.111345819766689
67,0.940691927512356,0.939885496183206,0.92436974789916,0.9388,0.169609153021661,0.169647968351083,0.169600226803475,0.169624574631783,0.939044481054366,0.932251908396947,0.932773109243697,0.9356,0.146657905600262,0.953047775947282,0.95324427480916,0.945378151260504,0.9524,0.106813897948441
68,0.913509060955519,0.909351145038168,0.953781512605042,0.9156,0.150761640182893,0.15069656384277,0.150392239476372,0.150699193233852,0.866556836902801,0.862595419847328,0.894957983193277,0.8676,0.126915564002678,0.995881383855025,0.994274809160305,0.991596638655462,0.9948,0.163471289907459
69,0.945634266886326,0.938931297709924,0.941176470588235,0.9424,0.171123531710432,0.170982580294742,0.170614072151956,0.171015944327008,0.957990115321252,0.954198473282443,0.941176470588235,0.9548,0.165977907271047,0.968698517298188,0.973282442748092,0.974789915966387,0.9712,0.125264060982281
70,0.920922570016474,0.925572519083969,0.903361344537815,0.9212,0.163455428712402,0.163363652770876,0.163060060947318,0.163379317226478,0.92339373970346,0.92175572519084,0.899159663865546,0.9204,0.162253720092763,0.967874794069193,0.981870229007634,0.974789915966387,0.9744,0.126921823638774
71,0.897034596375618,0.879770992366412,0.831932773109244,0.8836,0.138805794066295,0.138934103943449,0.13901526857255,0.138879523539794,0.947281713344316,0.940839694656489,0.941176470588235,0.944,0.158994045667674,0.961285008237232,0.96087786259542,0.928571428571429,0.958,0.120092730787456
72,0.929159802306425,0.912213740458015,0.907563025210084,0.92,0.141745514469699,0.141867862463692,0.141897684271869,0.141811289313948,0.962932454695222,0.96469465648855,0.966386554621849,0.964,0.164887370416458,0.943163097199341,0.955152671755725,0.936974789915966,0.9476,0.111246762766569
73,0.92504118616145,0.915076335877863,0.920168067226891,0.9204,0.147189783185451,0.147273852004897,0.147392673974003,0.147244340037633,0.892092257001647,0.879770992366412,0.84453781512605,0.8824,0.114017517498993,0.943986820428336,0.949427480916031,0.936974789915966,0.9456,0.105878522075068
74,0.948105436573311,0.934160305343511,0.949579831932773,0.9424,0.170133081138031,0.170343449967692,0.170406180344384,0.17024726679587,0.879736408566722,0.875954198473282,0.920168067226891,0.882,0.129437644598425,0.99505766062603,0.997137404580153,0.995798319327731,0.996,0.156981234652178
75,0.936573311367381,0.915076335877863,0.911764705882353,0.9252,0.160721760504072,0.161141928730438,0.16141024210382,0.160963438472861,0.927512355848435,0.923664122137405,0.920168067226891,0.9252,0.140418813101466,0.939044481054366,0.935114503816794,0.907563025210084,0.9344,0.108282442829951
76,0.92339373970346,0.896946564885496,0.882352941176471,0.9084,0.139616721975342,0.13972551840322,0.139541668778457,0.139655184373565,0.919275123558484,0.909351145038168,0.894957983193277,0.9128,0.130262352389362,0.981054365733114,0.979961832061069,0.974789915966387,0.98,0.143075360777786
77,0.92504118616145,0.91412213740458,0.894957983193277,0.9176,0.167902569678862,0.168124303074975,0.167666615737486,0.167973057503293,0.915980230642504,0.886450381679389,0.894957983193277,0.9016,0.157574116394414,0.985172981878089,0.991412213740458,0.987394957983193,0.988,0.139505725393306
78,0.954695222405272,0.946564885496183,0.932773109243697,0.9492,0.190761071849988,0.190704584987801,0.190947125172721,0.190755104833684,0.965403624382208,0.967557251908397,0.945378151260504,0.9644,0.194818405764855,0.976112026359143,0.974236641221374,0.987394957983193,0.9764,0.132269347670871
79,0.939868204283361,0.938931297709924,0.907563025210084,0.9364,0.175333414277881,0.175333999406723,0.17509220706288,0.175310696637023,0.874794069192751,0.866412213740458,0.848739495798319,0.8688,0.117381462753708,0.984349258649094,0.982824427480916,0.991596638655462,0.9844,0.13420234055386
80,0.962108731466227,0.961832061068702,0.974789915966387,0.9632,0.192679268011921,0.192290620886118,0.192395578725223,0.192489339916691,0.945634266886326,0.933206106870229,0.928571428571429,0.9388,0.151846306046065,0.990939044481054,0.994274809160305,0.987394957983193,0.992,0.150507068844707
81,0.9332784184514,0.925572519083969,0.911764705882353,0.928,0.173542475738146,0.173647933431223,0.17359979644185,0.173592140534077,0.897034596375618,0.887404580152672,0.886554621848739,0.892,0.1346405384874,0.951400329489292,0.96087786259542,0.949579831932773,0.9552,0.114264149465581
82,0.939044481054366,0.922709923664122,0.890756302521008,0.9276,0.144743527640879,0.144980584780029,0.145291156759994,0.14489503628575,0.93492586490939,0.926526717557252,0.92436974789916,0.9304,0.149679576475923,0.974464579901153,0.978053435114504,0.970588235294118,0.9756,0.127534451633185
83,0.953871499176277,0.942748091603053,0.936974789915966,0.9476,0.182458873439916,0.182293047584834,0.182610776920174,0.182403820452786,0.922570016474465,0.911259541984733,0.878151260504202,0.9136,0.153595800833162,0.981878088962109,0.987595419847328,0.974789915966387,0.9836,0.138268627412002
84,0.93492586490939,0.938931297709924,0.915966386554622,0.9348,0.151955927731362,0.15216112403448,0.15224490803779,0.152069456946801,0.957990115321252,0.931297709923664,0.915966386554622,0.9428,0.173853693185881,0.971993410214168,0.974236641221374,0.966386554621849,0.9724,0.128330075142329
85,0.925864909390445,0.879770992366412,0.831932773109244,0.8976,0.172322397050098,0.172389851347066,0.172187158871881,0.172337799216821,0.967051070840198,0.958015267175573,0.953781512605042,0.962,0.19490859061351,0.978583196046129,0.965648854961832,0.945378151260504,0.97,0.196331212191073
86,0.906095551894563,0.904580152671756,0.903361344537815,0.9052,0.134120164828434,0.13434325570168,0.133937184708973,0.134196264815126,0.915980230642504,0.904580152671756,0.894957983193277,0.9092,0.127869549198009,0.9332784184514,0.940839694656489,0.932773109243697,0.9364,0.103078002400445
87,0.869028006589786,0.855916030534351,0.831932773109244,0.86,0.117703332589046,0.117662272865062,0.117711135360517,0.117686863176596,0.92998352553542,0.91412213740458,0.903361344537815,0.9208,0.153126545293417,0.991762767710049,0.995229007633588,0.995798319327731,0.9936,0.147380254977892
88,0.909390444810544,0.899809160305344,0.920168067226891,0.9064,0.141757097202165,0.14190232002954,0.141981015836623,0.141839291665401,0.916803953871499,0.903625954198473,0.92436974789916,0.912,0.142503863379042,0.940691927512356,0.951335877862595,0.953781512605042,0.9464,0.104544836977289
89,0.946457990115321,0.950381679389313,0.932773109243697,0.9468,0.164822179209008,0.164499911450607,0.164298916158057,0.164637269922236,0.943986820428336,0.948473282442748,0.957983193277311,0.9472,0.156603437058708,0.949752883031301,0.96087786259542,0.96218487394958,0.9556,0.110123513169694
90,0.905271828665568,0.889312977099237,0.911764705882353,0.8992,0.133937110754239,0.134015640255439,0.134122727291219,0.133987701015462,0.92339373970346,0.937022900763359,0.911764705882353,0.928,0.139950132359427,0.968698517298188,0.971374045801527,0.983193277310924,0.9712,0.119349110130924
91,0.927512355848435,0.920801526717557,0.92436974789916,0.9244,0.141814649453122,0.141563100647608,0.141293266769906,0.141659564562408,0.906095551894563,0.894083969465649,0.865546218487395,0.8972,0.134092231607376,0.973640856672158,0.976145038167939,0.974789915966387,0.9748,0.126635962440819
92,0.932454695222405,0.920801526717557,0.878151260504202,0.9224,0.211362678077704,0.211294881493483,0.211119249979158,0.211311083394617,0.910214168039539,0.880725190839695,0.878151260504202,0.8948,0.152574942230979,0.99505766062603,0.997137404580153,0.995798319327731,0.996,0.175402090166408
93,0.916803953871499,0.916984732824427,0.920168067226891,0.9172,0.15713751204892,0.157364248260689,0.157680372302609,0.157284240165045,0.892915980230643,0.886450381679389,0.878151260504202,0.8888,0.141898194067839,0.947281713344316,0.954198473282443,0.928571428571429,0.9484,0.109472314132319
94,0.913509060955519,0.896946564885496,0.857142857142857,0.9012,0.15440151406924,0.154533409253452,0.154899726950641,0.154504234396771,0.901976935749588,0.883587786259542,0.84453781512605,0.8888,0.13087919583432,0.976935749588138,0.973282442748092,0.949579831932773,0.9728,0.130326993946929
95,0.920098846787479,0.906488549618321,0.911764705882353,0.9136,0.164176024296954,0.164309483126375,0.164991760114556,0.164309628288083,0.85502471169687,0.822519083969466,0.848739495798319,0.8408,0.119809157536983,0.969522240527183,0.974236641221374,0.957983193277311,0.9704,0.131982530153093
96,0.955518945634267,0.95324427480916,0.96218487394958,0.9552,0.185553409749405,0.185851006770962,0.186765103865593,0.185793515700703,0.955518945634267,0.970419847328244,0.949579831932773,0.9612,0.195436640479006,1,1,1,1,0.357449567473477
97,0.927512355848435,0.933206106870229,0.920168067226891,0.9292,0.163120777715728,0.163227380467702,0.163408154116276,0.163192823822687,0.907742998352554,0.91030534351145,0.92436974789916,0.9104,0.139934914986473,0.997528830313015,0.997137404580153,0.995798319327731,0.9972,0.177558005577295
98,0.932454695222405,0.92175572519084,0.894957983193277,0.9244,0.153261350204699,0.152998295586656,0.152939619199559,0.153120448917126,0.883031301482702,0.857824427480916,0.861344537815126,0.8704,0.129123371907382,0.963756177924217,0.968511450381679,0.978991596638655,0.9672,0.120934409769819
99,0.92504118616145,0.933206106870229,0.92436974789916,0.9284,0.152865352535298,0.152856754377141,0.152817933276982,0.152857233874007,0.9332784184514,0.936068702290076,0.915966386554622,0.9328,0.166959238554985,0.975288303130148,0.984732824427481,0.991596638655462,0.9808,0.129519821510133
100,0.936573311367381,0.926526717557252,0.907563025210084,0.9296,0.158470786853178,0.158648554709764,0.158611469401918,0.158558700117299,0.943163097199341,0.938931297709924,0.936974789915966,0.9408,0.15968188901382,0.985996705107084,0.989503816793893,0.995798319327731,0.9884,0.151794742836375
